{
  "PlayerPosition": {
    "x": 5.0,
    "y": 5.0,
    "normalized": {
      "x": 0.707106769,
      "y": 0.707106769,
      "magnitude": 1.0,
      "sqrMagnitude": 0.99999994
    },
    "magnitude": 7.071068,
    "sqrMagnitude": 50.0
  },
  "DoorPosition": {
    "x": 7.0,
    "y": 7.0,
    "normalized": {
      "x": 0.707106769,
      "y": 0.707106769,
      "magnitude": 1.0,
      "sqrMagnitude": 0.99999994
    },
    "magnitude": 9.899495,
    "sqrMagnitude": 98.0
  },
  "DoorValue": 48,
  "Walls": [
    [
      1,
      1,
      1,
      1,
      1,
      1,
      1,
      1,
      1,
      1,
      1
    ],
    [
      1,
      0,
      0,
      0,
      1,
      1,
      1,
      0,
      0,
      0,
      1
    ],
    [
      1,
      0,
      0,
      0,
      0,
      1,
      0,
      0,
      0,
      0,
      1
    ],
    [
      1,
      0,
      0,
      0,
      0,
      0,
      0,
      0,
      0,
      0,
      1
    ],
    [
      1,
      1,
      0,
      0,
      0,
      0,
      0,
      0,
      0,
      1,
      1
    ],
    [
      1,
      1,
      1,
      0,
      0,
      0,
      0,
      0,
      1,
      1,
      1
    ],
    [
      1,
      1,
      0,
      0,
      0,
      0,
      0,
      0,
      0,
      1,
      1
    ],
    [
      1,
      0,
      0,
      0,
      0,
      0,
      0,
      0,
      0,
      0,
      1
    ],
    [
      1,
      0,
      0,
      0,
      0,
      1,
      0,
      0,
      0,
      0,
      1
    ],
    [
      1,
      0,
      0,
      0,
      1,
      1,
      1,
      0,
      0,
      0,
      1
    ],
    [
      1,
      1,
      1,
      1,
      1,
      1,
      1,
      1,
      1,
      1,
      1
    ]
  ],
  "Numbers": [
    [
      "",
      "",
      "",
      "",
      "",
      "",
      "",
      "",
      "",
      "",
      ""
    ],
    [
      "",
      "",
      "2",
      "2",
      "",
      "",
      "",
      "",
      "",
      "4",
      ""
    ],
    [
      "",
      "2",
      "2",
      "",
      "",
      "",
      "2",
      "2",
      "",
      "",
      ""
    ],
    [
      "",
      "2",
      "",
      "",
      "",
      "",
      "",
      "2",
      "2",
      "",
      ""
    ],
    [
      "",
      "",
      "",
      "",
      "",
      "",
      "",
      "",
      "2",
      "",
      ""
    ],
    [
      "",
      "",
      "",
      "",
      "",
      "",
      "",
      "",
      "",
      "",
      ""
    ],
    [
      "",
      "",
      "2",
      "",
      "",
      "",
      "",
      "",
      "",
      "",
      ""
    ],
    [
      "",
      "",
      "2",
      "2",
      "",
      "",
      "",
      "",
      "",
      "2",
      ""
    ],
    [
      "",
      "",
      "",
      "2",
      "2",
      "",
      "",
      "",
      "2",
      "2",
      ""
    ],
    [
      "",
      "4",
      "",
      "",
      "",
      "",
      "",
      "2",
      "2",
      "",
      ""
    ],
    [
      "",
      "",
      "",
      "",
      "",
      "",
      "",
      "",
      "",
      "",
      ""
    ]
  ],
  "Operators": [
    [
      "",
      "",
      "",
      "",
      "",
      "",
      "",
      "",
      "",
      "",
      ""
    ],
    [
      "",
      "+",
      "",
      "",
      "",
      "",
      "",
      "+",
      "+",
      "",
      ""
    ],
    [
      "",
      "",
      "",
      "+",
      "+",
      "",
      "",
      "",
      "+",
      "+",
      ""
    ],
    [
      "",
      "",
      "+",
      "+",
      "",
      "",
      "",
      "",
      "",
      "+",
      ""
    ],
    [
      "",
      "",
      "+",
      "",
      "",
      "",
      "",
      "",
      "",
      "",
      ""
    ],
    [
      "",
      "",
      "",
      "",
      "",
      "",
      "",
      "",
      "",
      "",
      ""
    ],
    [
      "",
      "",
      "",
      "",
      "",
      "",
      "",
      "",
      "+",
      "",
      ""
    ],
    [
      "",
      "+",
      "",
      "",
      "",
      "",
      "",
      "",
      "+",
      "",
      ""
    ],
    [
      "",
      "+",
      "+",
      "",
      "",
      "",
      "+",
      "+",
      "",
      "",
      ""
    ],
    [
      "",
      "",
      "+",
      "+",
      "",
      "",
      "",
      "",
      "",
      "+",
      ""
    ],
    [
      "",
      "",
      "",
      "",
      "",
      "",
      "",
      "",
      "",
      "",
      ""
    ]
  ],
  "Boxes": [
    [
      0,
      0,
      0,
      0,
      0,
      0,
      0,
      0,
      0,
      0,
      0
    ],
    [
      0,
      0,
      0,
      0,
      0,
      0,
      0,
      0,
      0,
      0,
      0
    ],
    [
      0,
      0,
      0,
      0,
      0,
      0,
      0,
      0,
      0,
      0,
      0
    ],
    [
      0,
      0,
      0,
      0,
      0,
      0,
      0,
      0,
      0,
      0,
      0
    ],
    [
      0,
      0,
      0,
      0,
      0,
      0,
      0,
      0,
      0,
      0,
      0
    ],
    [
      0,
      0,
      0,
      0,
      0,
      0,
      0,
      0,
      0,
      0,
      0
    ],
    [
      0,
      0,
      0,
      0,
      0,
      0,
      0,
      0,
      0,
      0,
      0
    ],
    [
      0,
      0,
      0,
      0,
      0,
      0,
      0,
      0,
      0,
      0,
      0
    ],
    [
      0,
      0,
      0,
      0,
      0,
      0,
      0,
      0,
      0,
      0,
      0
    ],
    [
      0,
      0,
      0,
      0,
      0,
      0,
      0,
      0,
      0,
      0,
      0
    ],
    [
      0,
      0,
      0,
      0,
      0,
      0,
      0,
      0,
      0,
      0,
      0
    ]
  ]
}